date,wcontent,phead,hconduc,temp
2018-10-23,0.32145454545454544,-618.1818181818181,0.007180818181818182,10.909090909090908
2018-10-24,0.3181818181818182,-753.6545454545454,0.005474454545454546,13.046363636363635
2018-10-25,0.3156363636363636,-862.1909090909091,0.004402181818181818,15.489999999999998
2018-10-26,0.322,-627.0818181818182,0.009854909090909091,16.62636363636364
2018-10-27,0.3270909090909092,-489.7181818181818,0.015205909090909093,16.78
2018-10-28,0.3261818181818182,-493.92727272727274,0.011404363636363636,13.412727272727274
2018-10-29,0.3245454545454546,-529.8272727272728,0.009783090909090908,12.262727272727274
2018-10-30,0.32345454545454544,-569.8818181818182,0.008581363636363635,11.78909090909091
2018-10-31,0.3219090909090909,-610.1,0.0075647272727272724,12.004545454545454
2018-11-01,0.3205454545454545,-659.2454545454545,0.006573181818181819,11.459090909090909
2018-11-02,0.31909090909090904,-710.4818181818182,0.005712727272727273,11.423636363636362
2018-11-03,0.3176363636363636,-763.2545454545455,0.004980727272727273,10.596363636363638
2018-11-04,0.316,-824.1818181818181,0.0043219999999999995,11.013636363636364
2018-11-05,0.3149090909090909,-878.8818181818182,0.003796272727272728,10.672727272727272
2018-11-06,0.32854545454545453,-510.86,0.03942627272727273,10.052727272727275
2018-11-07,0.3290909090909091,-434.4818181818182,0.016510363636363636,9.005454545454546
2018-11-08,0.3307272727272728,-391.74545454545455,0.018536363636363632,9.49181818181818
2018-11-09,0.3294545454545455,-415.92727272727274,0.015645454545454546,10.288181818181819
2018-11-10,0.3274545454545455,-462.8363636363636,0.012998727272727271,10.397272727272728
2018-11-11,0.3256363636363636,-507.6454545454545,0.010981181818181817,10.909999999999998
2018-11-12,0.33272727272727276,-361.93636363636364,0.02663272727272727,10.116363636363635
2018-11-13,0.34390909090909094,-186.22272727272727,0.10013909090909091,9.250000000000002
2018-11-14,0.3523636363636363,-84.67909090909092,0.2193454545454545,8.763636363636364
2018-11-15,0.352,-88.11181818181818,0.19479999999999997,8.326363636363638
2018-11-16,0.351090909090909,-93.60181818181819,0.17996363636363635,8.143636363636363
2018-11-17,0.3478181818181818,-129.92727272727274,0.11523545454545453,8.883636363636365
2018-11-18,0.344,-173.01818181818183,0.07488636363636363,8.38818181818182
2018-11-19,0.341,-214.94545454545454,0.052605454545454546,8.719090909090909
2018-11-20,0.33836363636363637,-254.0909090909091,0.03947909090909091,8.623636363636363
2018-11-21,0.3356363636363637,-298.3818181818182,0.029856363636363636,8.866363636363637
2018-11-22,0.3325454545454546,-352.6909090909091,0.02226909090909091,9.709999999999999
2018-11-23,0.34454545454545454,-175.73363636363638,0.1174490909090909,10.583636363636364
2018-11-24,0.361,-9.642545454545456,1.3693636363636363,9.034545454545455
2018-11-25,0.35600000000000004,-52.80909090909091,0.3566363636363636,8.017272727272728
2018-11-26,0.34945454545454535,-112.51454545454546,0.14278181818181818,8.48
2018-11-27,0.34436363636363637,-168.84545454545454,0.0786,7.9754545454545465
2018-11-28,0.3411818181818182,-212.88181818181818,0.05354999999999999,7.903636363636363
2018-11-29,0.3382727272727273,-255.02727272727273,0.03932909090909091,8.661818181818182
2018-11-30,0.33572727272727276,-297.2,0.030028181818181815,9.24
2018-12-01,0.33345454545454545,-334.6181818181818,0.024087272727272725,9.903636363636364
2018-12-02,0.3305454545454545,-394.6272727272727,0.018143636363636365,9.863636363636363
2018-12-03,0.3280909090909091,-450.23636363636365,0.01417372727272727,9.658181818181818
2018-12-04,0.3256363636363636,-510.7,0.011200181818181817,10.336363636363636
2018-12-05,0.32336363636363635,-575.0636363636364,0.008948272727272727,10.549090909090907
2018-12-06,0.3349090909090909,-333.7845454545455,0.05160727272727273,10.114545454545453
2018-12-07,0.3346363636363637,-311.2090909090909,0.02745363636363636,9.264545454545456
2018-12-08,0.33236363636363647,-356.58181818181816,0.021179090909090908,8.704545454545453
2018-12-09,0.33145454545454545,-373.1,0.01930909090909091,7.796363636363636
2018-12-10,0.3290909090909091,-421.3727272727273,0.015658181818181818,7.404545454545454
2018-12-11,0.32618181818181813,-496.41818181818184,0.01186918181818182,7.358181818181819
2018-12-12,0.32318181818181824,-584.9454545454546,0.008938545454545454,7.331818181818183
2018-12-13,0.31990909090909087,-696.0181818181818,0.006671181818181818,9.401818181818182
2018-12-14,0.3169090909090909,-808.0727272727273,0.005118181818181819,9.217272727272727
2018-12-15,0.3137272727272727,-955.0909090909091,0.003917545454545455,8.520909090909093
2018-12-16,0.31163636363636366,-1061.709090909091,0.0031493454545454542,8.804545454545453
2018-12-17,0.316,-834.9727272727273,0.004763727272727274,8.660909090909092
2018-12-18,0.31781818181818183,-752.2363636363636,0.005099727272727272,8.142727272727273
2018-12-19,0.3168181818181818,-782.6363636363636,0.004412,7.488181818181818
2018-12-20,0.3384545454545455,-350.0945454545455,0.2566828181818182,7.075454545454545
2018-12-21,0.3387272727272727,-248.22727272727272,0.04272727272727273,6.177272727272728
2018-12-22,0.3371818181818182,-272.27272727272725,0.03432363636363636,4.827272727272727
2018-12-23,0.3347272727272727,-310.4818181818182,0.02746,4.282727272727272
2018-12-24,0.3316363636363637,-372.1545454545454,0.020190000000000003,4.73
2018-12-25,0.32799999999999996,-458.0,0.014209,5.212727272727274
2018-12-26,0.32490909090909087,-532.7272727272727,0.010650363636363635,6.275454545454546
2018-12-27,0.32136363636363646,-642.7363636363636,0.007761181818181818,6.583636363636364
2018-12-28,0.3197272727272728,-696.1545454545454,0.006312454545454546,7.0554545454545465
2018-12-29,0.32027272727272726,-659.709090909091,0.006345909090909091,6.056363636363637
2018-12-30,0.31881818181818183,-710.2181818181818,0.005530454545454546,5.930909090909092
2018-12-31,0.316,-830.8363636363637,0.004352363636363637,5.594545454545455
2019-01-01,0.3132727272727272,-959.1545454545454,0.0034804000000000002,5.470000000000001
2019-01-02,0.3127272727272728,-977.8727272727273,0.0031080909090909093,5.089090909090909
2019-01-03,0.3390000000000001,-352.3176363636364,0.36682063636363627,4.380909090909091
2019-01-04,0.3372727272727273,-269.3727272727273,0.035810909090909095,3.9163636363636365
2019-01-05,0.3357272727272727,-293.8727272727273,0.029930000000000002,4.741818181818181
2019-01-06,0.3336363636363637,-332.08181818181816,0.02426909090909091,4.782727272727272
2019-01-07,0.3286363636363636,-443.05454545454546,0.015485545454545457,4.9790909090909095
2019-01-08,0.3237272727272727,-581.5454545454545,0.010023454545454547,5.006363636363636
2019-01-09,0.3202727272727273,-685.9090909090909,0.007216363636363636,5.761818181818182
2019-01-10,0.3165454545454546,-846.4818181818182,0.0051666,4.766363636363636
2019-01-11,0.31481818181818183,-895.8909090909091,0.004184181818181818,3.2027272727272726
2019-01-12,0.3129090909090909,-983.9909090909091,0.0034199272727272736,3.0854545454545454
2019-01-13,0.3129090909090909,-954.6818181818181,0.0031445454545454546,2.3881818181818177
2019-01-14,0.3158181818181818,-828.5272727272727,0.004104636363636364,3.227272727272727
2019-01-15,0.3131818181818181,-939.7727272727273,0.0030907272727272723,4.55
2019-01-16,0.31018181818181817,-1098.3727272727272,0.002460245454545454,6.46909090909091
2019-01-17,0.34800000000000003,-206.5170909090909,0.7176265454545454,5.632727272727273
2019-01-18,0.346090909090909,-149.36363636363637,0.0934118181818182,3.642727272727273
2019-01-19,0.34218181818181814,-198.03636363636363,0.06042181818181819,2.299090909090909
2019-01-20,0.3391818181818182,-241.70909090909092,0.04313636363636364,1.9518181818181817
2019-01-21,0.33590909090909093,-292.8272727272727,0.031044545454545457,1.728181818181818
2019-01-22,0.33236363636363636,-353.8090909090909,0.022310000000000003,1.67
2019-01-23,0.3302727272727273,-402.8545454545455,0.017354545454545452,2.1990909090909088
2019-01-24,0.32636363636363636,-495.1454545454545,0.012308181818181819,3.145454545454545
2019-01-25,0.3222727272727273,-615.3363636363637,0.008610727272727272,4.331818181818182
2019-01-26,0.31872727272727275,-740.4636363636364,0.006252000000000001,5.32090909090909
2019-01-27,0.3231818181818182,-583.6090909090909,0.009371636363636363,7.402727272727273
2019-01-28,0.33790909090909094,-299.5090909090909,0.08800699999999999,7.9345454545454555
2019-01-29,0.33563636363636373,-297.76363636363635,0.029350909090909087,7.759090909090909
2019-01-30,0.332,-359.8363636363636,0.021198181818181817,6.960909090909089
2019-01-31,0.3276363636363636,-467.6090909090909,0.013980636363636363,7.95
2019-02-01,0.3218181818181819,-645.4181818181818,0.008731727272727271,7.619999999999999
2019-02-02,0.3185454545454545,-755.4363636363636,0.006268000000000001,7.170909090909089
2019-02-03,0.31690909090909086,-807.3454545454546,0.005014636363636363,5.901818181818182
2019-02-04,0.31427272727272726,-915.7454545454545,0.003975636363636363,4.602727272727273
2019-02-05,0.31163636363636366,-1055.8818181818183,0.003144727272727272,3.9518181818181817
2019-02-06,0.3086363636363636,-1250.8272727272727,0.0024673363636363633,3.7390909090909097
2019-02-07,0.30663636363636365,-1373.1545454545455,0.0020299181818181815,4.074545454545455
2019-02-08,0.3044545454545455,-1560.918181818182,0.001661790909090909,5.035454545454545
2019-02-09,0.303,-1620.5454545454545,0.0014235909090909095,5.915454545454546
2019-02-10,0.3004545454545454,-1894.090909090909,0.0011749181818181819,6.3
2019-02-11,0.30163636363636365,-1672.909090909091,0.0010981454545454545,6.154545454545454
2019-02-12,0.2998181818181818,-1839.1818181818182,0.0009479818181818181,5.693636363636364
2019-02-13,0.2973636363636364,-2159.7272727272725,0.0008034690909090909,5.242727272727273
2019-02-14,0.2956363636363636,-2376.818181818182,0.00070135,5.632727272727273
2019-02-15,0.2940909090909091,-2614.0,0.0006119881818181819,6.796363636363638
2019-02-16,0.29536363636363633,-2294.6363636363635,0.0006080454545454545,7.19909090909091
2019-02-17,0.294,-2405.7272727272725,0.0005151,6.085454545454545
2019-02-18,0.2919999999999999,-2727.2727272727275,0.0004519581818181818,4.893636363636364
2019-02-19,0.29009090909090907,-3134.0,0.0003956190909090909,4.578181818181818
2019-02-20,0.289,-3326.181818181818,0.0003573181818181818,3.694545454545455
2019-02-21,0.2879090909090909,-3535.2727272727275,0.00032258454545454546,4.482727272727273
2019-02-22,0.28709090909090906,-3705.181818181818,0.0002936027272727273,5.20090909090909
2019-02-23,0.2860909090909091,-3869.818181818182,0.00026866272727272725,5.220909090909091
2019-02-24,0.2851818181818182,-4051.4545454545455,0.00024615909090909094,5.275454545454546
2019-02-25,0.2842727272727273,-4266.636363636364,0.00022495636363636365,5.918181818181818
2019-02-26,0.28354545454545454,-4400.909090909091,0.00020880363636363637,5.927272727272726
2019-02-27,0.28318181818181815,-4485.090909090909,0.00019534,6.876363636363636
2019-02-28,0.2827272727272727,-4535.636363636364,0.00018291636363636365,6.871818181818182
2019-03-01,0.2836363636363637,-4089.2727272727275,0.00017818272727272727,6.841818181818181
2019-03-02,0.28445454545454546,-3801.181818181818,0.00017727999999999998,6.213636363636364
2019-03-03,0.2828181818181818,-4234.727272727273,0.00015805454545454544,6.624545454545455
2019-03-04,0.282,-4447.545454545455,0.00014793090909090908,7.402727272727273
2019-03-05,0.32609090909090904,-1240.6904545454547,0.47008990000000006,7.472727272727272
2019-03-06,0.32236363636363635,-681.0909090909091,0.010468845454545456,7.950000000000001
2019-03-07,0.3170909090909091,-783.2636363636364,0.004612272727272727,8.235454545454544
2019-03-08,0.31400000000000006,-911.5363636363636,0.003468545454545455,7.787272727272729
2019-03-09,0.3100909090909091,-1135.4545454545455,0.0026335181818181817,6.914545454545455
2019-03-10,0.3068181818181818,-1373.4454545454546,0.0020768363636363635,6.193636363636363
2019-03-11,0.3031818181818182,-1715.5363636363636,0.001623418181818182,7.363636363636363
2019-03-12,0.30018181818181816,-2070.4545454545455,0.0012878972727272727,7.136363636363635
2019-03-13,0.2975454545454545,-2389.181818181818,0.0010410881818181817,9.31181818181818
2019-03-14,0.29527272727272724,-2694.5454545454545,0.0008530727272727274,10.780909090909091
2019-03-15,0.3109090909090909,-1260.2454545454545,0.013430209090909093,10.267272727272726
2019-03-16,0.30627272727272725,-1296.1818181818182,0.0015513636363636363,9.595454545454546
2019-03-17,0.32745454545454544,-711.3181818181819,0.1342570909090909,10.115454545454545
2019-03-18,0.32218181818181824,-623.5,0.008747636363636364,8.625454545454545
2019-03-19,0.3183636363636364,-733.4181818181818,0.005161181818181817,7.665454545454546
2019-03-20,0.3137272727272727,-932.7,0.003653363636363636,7.033636363636364
2019-03-21,0.30990909090909097,-1184.8272727272727,0.002734281818181818,6.403636363636363
2019-03-22,0.30554545454545456,-1529.490909090909,0.0020623545454545454,5.987272727272726
2019-03-23,0.30163636363636365,-1983.209090909091,0.001558191818181818,7.8881818181818195
2019-03-24,0.30063636363636365,-1917.3636363636363,0.001263418181818182,9.254545454545454
2019-03-25,0.3374545454545455,-464.0854545454546,0.5848992727272727,9.643636363636363
2019-03-26,0.361,-9.399818181818182,1.3917272727272727,8.752727272727272
2019-03-27,0.34927272727272723,-114.85727272727271,0.14163454545454543,8.504545454545454
2019-03-28,0.3421818181818182,-199.11818181818182,0.06202181818181819,8.435454545454546
2019-03-29,0.33618181818181814,-288.95454545454544,0.033707272727272725,8.839090909090908
2019-03-30,0.3293636363636364,-433.9818181818182,0.01799218181818182,10.280000000000001
2019-03-31,0.36199999999999993,-2.723,2.483,11.343636363636364
2019-04-01,0.361,-11.23909090909091,1.2512727272727269,11.169090909090908
2019-04-02,0.3473636363636364,-133.9181818181818,0.11695454545454545,10.9
2019-04-03,0.3384545454545455,-257.76363636363635,0.04331636363636363,10.483636363636364
2019-04-04,0.3302727272727273,-416.8545454545455,0.02029018181818182,11.145454545454545
2019-04-05,0.3239090909090909,-596.2545454545455,0.011215363636363634,11.80090909090909
2019-04-06,0.3164545454545455,-919.7727272727273,0.006293318181818181,12.302727272727275
2019-04-07,0.3191818181818182,-702.4727272727273,0.006034545454545454,12.92181818181818
2019-04-08,0.3131818181818181,-998.3545454545455,0.0037718,13.127272727272727
2019-04-09,0.30763636363636365,-1407.5272727272727,0.002654963636363636,12.831818181818184
2019-04-10,0.3028181818181818,-1912.3727272727272,0.0019073881818181815,13.169090909090908
2019-04-11,0.3000909090909091,-2189.7818181818184,0.0014546227272727273,13.875454545454545
2019-04-12,0.30036363636363644,-1896.909090909091,0.0012016727272727273,14.350909090909092
2019-04-13,0.29672727272727273,-2411.5454545454545,0.0009437036363636363,13.39
2019-04-14,0.29418181818181816,-2839.090909090909,0.0007682718181818181,12.93909090909091
2019-04-15,0.3262727272727272,-782.7263636363635,0.15007336363636364,13.094545454545456
2019-04-16,0.32281818181818184,-614.3818181818182,0.009450363636363635,13.621818181818183
2019-04-17,0.3107272727272728,-1157.7545454545455,0.0031265363636363637,15.72
2019-04-18,0.30999999999999994,-1123.9454545454546,0.0025325636363636365,15.617272727272729
2019-04-19,0.3083636363636364,-1214.6272727272728,0.002121563636363636,13.655454545454548
2019-04-20,0.3027272727272728,-1760.581818181818,0.001554890909090909,13.03
2019-04-21,0.2992727272727273,-2208.909090909091,0.0012141636363636364,12.065454545454546
2019-04-22,0.34518181818181815,-297.4336181818182,5.932363000000001,10.43
2019-04-23,0.33936363636363637,-237.5090909090909,0.04492,8.744545454545456
2019-04-24,0.3309090909090909,-400.8363636363636,0.020969545454545453,7.802727272727274
2019-04-25,0.32272727272727275,-645.1818181818181,0.010702,7.981818181818183
2019-04-26,0.3149090909090909,-1043.5363636363636,0.005918018181818182,8.700909090909091
2019-04-27,0.3090909090909091,-1483.918181818182,0.003662212727272727,9.660000000000002
2019-04-28,0.3039090909090909,-1970.8909090909092,0.002416847272727273,11.746363636363636
2019-04-29,0.3378181818181818,-384.49254545454545,0.3811340000000001,12.813636363636364
2019-04-30,0.3265454545454546,-489.90909090909093,0.012587454545454546,14.298181818181817
2019-05-01,0.3212727272727273,-656.8272727272728,0.008046727272727271,14.370000000000001
2019-05-02,0.3124545454545455,-1172.0181818181818,0.004599918181818183,16.506363636363638
2019-05-03,0.30554545454545456,-1834.6272727272728,0.002856760909090909,17.779999999999998
2019-05-04,0.30172727272727273,-2196.3545454545456,0.0019624372727272727,18.372727272727275
2019-05-05,0.2983636363636364,-2522.327272727273,0.001426040909090909,19.028181818181817
2019-05-06,0.32627272727272727,-696.9409090909091,0.11579963636363635,18.554545454545455
2019-05-07,0.31572727272727275,-838.2181818181818,0.004136909090909091,18.895454545454545
2019-05-08,0.3044545454545455,-1768.0727272727272,0.0020236427272727273,19.22090909090909
2019-05-09,0.30009090909090913,-2238.9,0.0014756281818181817,19.64909090909091
2019-05-10,0.29600000000000004,-2694.4545454545455,0.0010754072727272726,22.277272727272727
2019-05-11,0.2932727272727273,-3152.090909090909,0.0008291227272727272,20.203636363636363
2019-05-12,0.291,-3471.090909090909,0.0006559881818181817,19.667272727272728
2019-05-13,0.31809090909090904,-1084.0272727272727,0.0614273818181818,20.403636363636366
2019-05-14,0.3073636363636364,-1247.5545454545454,0.0018011999999999998,20.73
2019-05-15,0.2988181818181818,-2101.3636363636365,0.000978897272727273,20.509999999999998
2019-05-16,0.2939090909090909,-2905.2727272727275,0.0007271372727272727,19.98090909090909
2019-05-17,0.2909090909090909,-3396.4545454545455,0.0005847081818181818,19.796363636363637
2019-05-18,0.28900000000000003,-3789.090909090909,0.0004826036363636363,20.221818181818183
2019-05-19,0.28727272727272724,-4062.3636363636365,0.00040796454545454544,20.900000000000006
2019-05-20,0.3105454545454545,-1522.3972727272728,0.03043676363636363,21.477272727272727
2019-05-21,0.2999090909090909,-1774.3636363636363,0.0008194636363636364,21.122727272727268
2019-05-22,0.29381818181818176,-2540.4545454545455,0.0005274427272727273,19.470909090909092
2019-05-23,0.290090909090909,-3221.5454545454545,0.00042135636363636365,19.753636363636364
2019-05-24,0.28745454545454546,-3800.3636363636365,0.0003507645454545454,20.857272727272726
2019-05-25,0.28590909090909095,-4103.909090909091,0.00030480090909090914,21.617272727272727
2019-05-26,0.2847272727272727,-4295.909090909091,0.00026889909090909087,22.319999999999997
2019-05-27,0.3131818181818181,-1540.9881818181818,0.07338861818181817,24.211818181818185
2019-05-28,0.3020909090909091,-1637.090909090909,0.0011131181818181818,23.10727272727273
2019-05-29,0.29345454545454547,-2685.2727272727275,0.0005240536363636364,22.383636363636363
2019-05-30,0.28954545454545455,-3369.909090909091,0.0004005945454545455,21.64818181818182
2019-05-31,0.2873636363636364,-3832.3636363636365,0.0003376290909090909,20.580909090909092
2019-06-01,0.2855454545454545,-4149.909090909091,0.00029521818181818185,20.405454545454546
2019-06-02,0.28463636363636363,-4382.181818181818,0.00026272727272727277,21.027272727272727
2019-06-03,0.31827272727272726,-1379.53,0.2035576090909091,21.883636363636363
2019-06-04,0.3075454545454545,-1283.6727272727273,0.002101972727272727,23.115454545454543
2019-06-05,0.29745454545454547,-2218.909090909091,0.0008400172727272728,24.756363636363634
2019-06-06,0.2936363636363637,-2849.0,0.0006223563636363637,26.257272727272724
2019-06-07,0.2904545454545454,-3344.3636363636365,0.0005060254545454546,27.199090909090906
2019-06-08,0.2886363636363636,-3723.181818181818,0.0004274590909090909,28.014545454545452
2019-06-09,0.287,-4065.090909090909,0.00036515818181818185,27.09
2019-06-10,0.31445454545454543,-1369.9481818181816,0.06350324545454546,26.311818181818182
2019-06-11,0.3085454545454545,-1230.3818181818183,0.0023021636363636366,25.563636363636363
2019-06-12,0.29990909090909085,-1865.7272727272727,0.0009306909090909092,25.64727272727272
2019-06-13,0.2957272727272727,-2417.4545454545455,0.0006945490909090909,25.885454545454543
2019-06-14,0.2927272727272728,-2907.0,0.0005685627272727274,26.098181818181814
2019-06-15,0.2905454545454545,-3293.7272727272725,0.0004806409090909091,25.888181818181813
2019-06-16,0.289,-3561.7272727272725,0.00041800636363636365,26.071818181818188
2019-06-17,0.2878181818181818,-3770.818181818182,0.00036912818181818175,26.95727272727272
2019-06-18,0.287,-3881.0,0.0003331572727272727,26.96818181818182
2019-06-19,0.28609090909090906,-4036.181818181818,0.0003004881818181818,26.816363636363633
2019-06-20,0.2853636363636363,-4172.0,0.00027325090909090905,26.776363636363634
2019-06-21,0.28400000000000003,-4476.727272727273,0.00024254454545454544,27.37272727272727
2019-06-22,0.2833636363636364,-4631.090909090909,0.0002207209090909091,26.934545454545454
2019-06-23,0.28236363636363637,-4844.181818181818,0.00019979545454545456,27.65727272727273
2019-06-24,0.28172727272727277,-4981.363636363636,0.0001836690909090909,29.39272727272727
2019-06-25,0.28136363636363637,-5054.0,0.00017152100000000003,30.495454545454546
2019-06-26,0.2809090909090909,-5088.727272727273,0.00016208036363636364,29.951818181818183
2019-06-27,0.2808181818181818,-5122.272727272727,0.0001538673636363636,29.288181818181815
