number,state,rmse,ores,osat,alfa,npar,ksatfit,lexp,ksatexm,bdens,best_so_far_rmse,previous_best_rmse,improvement,relative_improvement_percent
0,COMPLETE,0.11089596926849957,0.07123620356542087,0.48767857660247904,0.007610386671985092,1.4053158269404888,11.56862621801994,0.6480312873345622,21.17167224336399,1566.5540364437338,0.11089596926849957,,,
1,COMPLETE,0.15100268871778408,0.07803345035229627,0.42701814444901137,0.006045285887450766,1.594654024602617,18.326101981596214,0.7376191859784591,23.646499344142015,1395.8611274633583,0.11089596926849957,0.11089596926849957,0.0,0.0
2,COMPLETE,0.08906141701095936,0.06912726728878613,0.3811891079080595,0.006950279041012655,1.2485268615010015,16.122410418276573,0.6217952384367466,25.852892970704364,1441.600460823423,0.08906141701095936,0.11089596926849957,0.021834552257540205,19.68922080898606
3,COMPLETE,0.102066331373279,0.07368209952651107,0.4462939903482534,0.0064392823207483916,1.362259563590942,15.928221542931805,0.4738561562247964,32.160897038028764,1392.641030921823,0.08906141701095936,0.08906141701095936,0.0,0.0
4,COMPLETE,0.14595048475424807,0.06195154778955839,0.4872213843133333,0.008124390472764031,1.5122826475393953,13.053091554041973,0.5552986612701504,33.69466053024314,1460.0481234349004,0.08906141701095936,0.08906141701095936,0.0,0.0
5,COMPLETE,0.16580972227224794,0.06366114704534337,0.37379422752781755,0.00607565474645348,1.563753405060179,12.595212016184169,1.4534104321228312,26.24422152178822,1480.0270052944527,0.08906141701095936,0.08906141701095936,0.0,0.0
6,COMPLETE,0.16923141552324142,0.07640130838029839,0.2962136138813818,0.008133086181082029,1.4953177399141686,19.39559442622625,1.8227754871799617,31.9679995762217,1580.4785587557792,0.08906141701095936,0.08906141701095936,0.0,0.0
7,COMPLETE,0.13021445388281594,0.06265477506155759,0.2989957156047863,0.0060995000356031835,1.2659184686892648,13.892886123997926,0.8314449605204945,36.58475018303859,1439.1983316733972,0.08906141701095936,0.08906141701095936,0.0,0.0
8,COMPLETE,0.1514619292099503,0.06842803529062141,0.38567402078956214,0.006310033294944478,1.5091204601845603,10.754760930360911,1.9691502291948222,35.45489538593315,1399.688920383543,0.08906141701095936,0.08906141701095936,0.0,0.0
9,COMPLETE,0.144256507652168,0.06016566351370807,0.45386535711370857,0.007555086156464759,1.4717936557009037,17.7149907633926,0.5177309962572036,27.179314570885452,1378.9772648812825,0.08906141701095936,0.08906141701095936,0.0,0.0
10,COMPLETE,0.09696929410901166,0.08835409632691159,0.25149929573895435,0.006811203299986414,1.1091605565635583,15.25446975194395,1.1235203907695877,39.205414918908396,1522.5037016645276,0.08906141701095936,0.08906141701095936,0.0,0.0
11,COMPLETE,0.09560010460245323,0.08840885629170447,0.25176035461537755,0.006859735273323648,1.1052953962528262,15.240936027201153,1.0943425384871195,39.70443408843626,1512.5393468377542,0.08906141701095936,0.08906141701095936,0.0,0.0
12,COMPLETE,0.035211759399382474,0.0896601798944579,0.3450567951626644,0.0070135011311557895,1.1020322032027794,16.200935727258642,1.0389210014418877,29.293068206464838,1513.1803000562452,0.035211759399382474,0.08906141701095936,0.05384965761157689,60.46350868743811
13,COMPLETE,0.08173170743352913,0.08293720188512783,0.35571845867814367,0.0071145464459619456,1.2158408959419482,16.51364787368423,1.0195581619100413,28.77260334982269,1531.7997568289406,0.035211759399382474,0.035211759399382474,0.0,0.0
14,COMPLETE,0.08060918061858711,0.08288368571715661,0.33829138218955296,0.007246186545094767,1.1886624410159254,17.3010499470217,1.1715217727760496,29.25229516802256,1536.8104980978503,0.035211759399382474,0.035211759399382474,0.0,0.0
15,COMPLETE,0.07555011581725074,0.08350230909076789,0.33659642969589715,0.0073121243040538955,1.1735350472763293,17.414120379887677,1.4478554816462685,29.612209557120668,1548.6713410280222,0.035211759399382474,0.035211759399382474,0.0,0.0
16,COMPLETE,0.07866671468925088,0.08379413603977925,0.3227292192255343,0.007516038150011127,1.162979149790674,19.960168130659756,1.4213556692617975,31.008049137883607,1486.2160677180166,0.035211759399382474,0.035211759399382474,0.0,0.0
17,COMPLETE,0.08544464874993635,0.08958880433117515,0.40649948120661705,0.006632187248615031,1.3014194852423522,18.68333130931797,1.4742090526647034,22.792300504821565,1594.7111988675886,0.035211759399382474,0.035211759399382474,0.0,0.0
18,COMPLETE,0.08740080091166214,0.0853300268391683,0.31137184288196185,0.007818951194834705,1.1697109585371412,14.366637337387079,1.6942499918687524,30.07862957272342,1558.4396853869052,0.035211759399382474,0.035211759399382474,0.0,0.0
19,COMPLETE,0.09581632428767031,0.07928446840989435,0.2778243535442786,0.007271659462903233,1.1409994568073887,17.29785097579099,1.2806656846483784,27.75928504386696,1504.811325119781,0.035211759399382474,0.035211759399382474,0.0,0.0
20,COMPLETE,0.11181150209169,0.08617623316454126,0.35101794667022657,0.007338489439066304,1.3083067172178837,16.76433865471618,0.8815404799244878,25.08742206645635,1553.0640066082321,0.035211759399382474,0.035211759399382474,0.0,0.0
21,COMPLETE,0.07395336368279674,0.08167623155646397,0.32777306017739966,0.007574460755716032,1.1557298443963835,19.9622915902084,1.4409098131815758,30.986699231268215,1476.6871104908264,0.035211759399382474,0.035211759399382474,0.0,0.0
22,COMPLETE,0.0961218809637015,0.08071324933411042,0.33204296561562063,0.0077595812407604955,1.2156624260375497,18.28081977014415,1.6608617312621945,34.73586175977216,1489.1491704568791,0.035211759399382474,0.035211759399382474,0.0,0.0
23,COMPLETE,0.04213103369251697,0.08633546013568871,0.3609413268213481,0.007051479818635448,1.1308193712032137,19.6253250937573,1.3063972946052653,30.480445865002086,1463.997989098728,0.035211759399382474,0.035211759399382474,0.0,0.0
24,COMPLETE,0.03219819870738113,0.08689463285389257,0.3548276896371607,0.00705818429502221,1.104057294617622,19.25001523933722,1.3061497062512872,32.820602667312606,1456.7911978683915,0.03219819870738113,0.035211759399382474,0.0030135606920013436,8.55839283070358
25,COMPLETE,0.02817026801434448,0.08711500554988251,0.362980239355074,0.007044666458679974,1.1009359513983974,19.02810088851626,1.2436205060278605,33.22964001953085,1426.735240618133,0.02817026801434448,0.03219819870738113,0.004027930693036651,12.509801339021138
26,COMPLETE,0.02766926092254725,0.08669218628259773,0.39620097620013417,0.006676202095883065,1.1049558482305186,18.893325896952415,1.0199817649295564,33.37113633818266,1419.4571624143118,0.02766926092254725,0.02817026801434448,0.0005010070917972273,1.7784960070032396
27,COMPLETE,0.05669211585397038,0.08671215465483467,0.40013704248588283,0.006650196511885273,1.2101526082205447,18.536813963840064,0.913436920249383,37.55568891139328,1351.37526093482,0.02766926092254725,0.02766926092254725,0.0,0.0
28,COMPLETE,0.029275655415378823,0.08512792174476046,0.4049532972781796,0.006700474281667994,1.1317291852083509,19.070546400147517,1.2562674818485937,34.09607702918745,1429.7862136275855,0.02766926092254725,0.02766926092254725,0.0,0.0
29,COMPLETE,0.07271019185781318,0.07596818482736802,0.4170940019785569,0.0066163648459985685,1.2550703762941966,19.044530500570897,1.211929111710133,34.46708074975775,1414.3266360645575,0.02766926092254725,0.02766926092254725,0.0,0.0
30,COMPLETE,0.03279621929430282,0.08499494725108372,0.4309853704772367,0.006408331643612359,1.1389470214406343,17.88330467847805,1.6145595009521254,36.645361119855075,1421.070912177,0.02766926092254725,0.02766926092254725,0.0,0.0
31,COMPLETE,0.028340853903861134,0.08748897018394083,0.39416192645994197,0.006783005411066837,1.1011911322354655,19.071750745423024,1.3233338181130636,33.264290864182534,1437.421848391717,0.02766926092254725,0.02766926092254725,0.0,0.0
32,COMPLETE,0.031988622977552505,0.08768668180098611,0.39562467082752956,0.006725051274503108,1.139720483101137,19.010530482480288,0.9593519703710158,33.33163202016839,1429.1442328795397,0.02766926092254725,0.02766926092254725,0.0,0.0
33,COMPLETE,0.06445140805288896,0.08065505041098386,0.3708951199306474,0.00648243802078276,1.19336936576875,18.237336008091596,0.748656802339807,36.07408122354457,1410.8369000639527,0.02766926092254725,0.02766926092254725,0.0,0.0
34,COMPLETE,0.03835565147406572,0.08457298613432145,0.44127227262820956,0.0068652848442305285,1.1290900571831985,18.522961074450034,1.2204334479628445,38.061831270429295,1375.269937956809,0.02766926092254725,0.02766926092254725,0.0,0.0
35,COMPLETE,0.038322891331422256,0.07829270200467368,0.4617027374866163,0.0065402553857337375,1.1877606544799746,18.99903620225636,1.5343280559538384,32.02796847300363,1443.5046320198762,0.02766926092254725,0.02766926092254725,0.0,0.0
36,COMPLETE,0.05976437065677176,0.08985218712378593,0.4153331106386603,0.006266246313681989,1.2409689015802756,17.834384196182416,1.3292872964077433,33.404931433551695,1431.7246782207053,0.02766926092254725,0.02766926092254725,0.0,0.0
37,COMPLETE,0.04417646432207991,0.08198395787394386,0.38276641271665657,0.006747955259791685,1.1566633154287884,19.543847772066506,1.0900479916048083,35.076301194003975,1399.187333562089,0.02766926092254725,0.02766926092254725,0.0,0.0
38,COMPLETE,0.0583637216085472,0.08799983710773782,0.4708674826757959,0.007149533147608118,1.1208615072173675,18.064746482180258,0.40424205843087746,34.1499428653984,1444.8784879597263,0.02766926092254725,0.02766926092254725,0.0,0.0
39,COMPLETE,0.07682135119873902,0.08517264981474842,0.4279972701789956,0.006907171562131443,1.2853226850073347,16.85657574388657,1.3753166344378138,20.39330706886993,1453.7477437889602,0.02766926092254725,0.02766926092254725,0.0,0.0
40,COMPLETE,0.12074157527546178,0.07252274943520279,0.37145418403763464,0.0062148024846828045,1.353784835268713,18.835216597169627,1.5519441677293515,31.44097386562194,1382.1186062556903,0.02766926092254725,0.02766926092254725,0.0,0.0
41,COMPLETE,0.03169864350409967,0.08754228732727744,0.39644816687194034,0.006737992634189121,1.140461996866705,19.239252403152516,0.9255748811848945,33.040501033347425,1427.7768129549518,0.02766926092254725,0.02766926092254725,0.0,0.0
42,COMPLETE,0.03690734344273507,0.088241236390904,0.38701866667762774,0.006755820153542371,1.1473514037589312,19.527115859833533,0.7769654297734991,32.3943038695673,1424.4664188005456,0.02766926092254725,0.02766926092254725,0.0,0.0
43,COMPLETE,0.029463876187630182,0.0855976736122339,0.4104907623753308,0.0069349732214857565,1.1203362887391615,19.930405183292805,0.6824473220509765,33.14504829281467,1412.4927013229317,0.02766926092254725,0.02766926092254725,0.0,0.0
44,COMPLETE,0.033454625988045376,0.06626453101427073,0.41021457627861374,0.0069899525679649206,1.104315015731541,10.024485617809608,0.6588221480089466,35.72033490129088,1412.547096777714,0.02766926092254725,0.02766926092254725,0.0,0.0
45,COMPLETE,0.04160807613913431,0.08450684974931466,0.44290934255072156,0.006372630813572719,1.1221508053162839,19.91068801759381,0.6525484667931938,33.892736311849866,1388.317783411076,0.02766926092254725,0.02766926092254725,0.0,0.0
46,COMPLETE,0.04060512282951499,0.08606998978721953,0.4209163127459384,0.006564318334228538,1.1864816758834964,18.64245294206758,1.2237881819014291,37.229940857339756,1366.377588218857,0.02766926092254725,0.02766926092254725,0.0,0.0
47,COMPLETE,0.13401377541133597,0.08231823196231305,0.37152409580721646,0.006902147856553084,1.426252540341726,19.43972177227548,1.0139033383187783,31.73862248248849,1403.3545637246868,0.02766926092254725,0.02766926092254725,0.0,0.0
48,COMPLETE,0.15103600895150798,0.08390868682749734,0.3948548496228884,0.007177310730931368,1.569836636402294,12.477276298074832,1.1268660316492969,35.03190242988941,1471.5908428734117,0.02766926092254725,0.02766926092254725,0.0,0.0
49,COMPLETE,0.055231838644028516,0.08870814894637924,0.43406265107246067,0.007459519013274532,1.2301433757431062,17.525471944266176,0.5600340569510603,33.848396288998366,1448.0786463704817,0.02766926092254725,0.02766926092254725,0.0,0.0
50,COMPLETE,0.026748682210531432,0.08055808590647309,0.3811627783417306,0.006964937163302326,1.101534494299518,18.790441502133383,1.7841400034287207,32.540313258078626,1393.0892019945397,0.026748682210531432,0.02766926092254725,0.0009205787120158196,3.3270809603217635
51,COMPLETE,0.027206616842231617,0.07642674723211211,0.38333194878016835,0.006961331268738302,1.101175747787328,18.241770855434655,1.7521201428922795,32.357881651746666,1435.4720311922006,0.026748682210531432,0.026748682210531432,0.0,0.0
52,COMPLETE,0.03005042428984987,0.07721870799852128,0.36212198555383973,0.006815405100830964,1.1008917181788278,18.138895386747457,1.8717393102156636,32.23736011700683,1437.1435903321678,0.026748682210531432,0.026748682210531432,0.0,0.0
53,COMPLETE,0.05398188585071848,0.07482717081979906,0.38122874479209184,0.006973621790092006,1.1693442520348551,17.027287959128035,1.8056808901999741,32.562879979179165,1393.8574072263802,0.026748682210531432,0.026748682210531432,0.0,0.0
54,COMPLETE,0.030620646629357783,0.0791008778372067,0.3878703668743956,0.007093587865943876,1.1195972015260123,18.678415998510847,1.9619029875269536,30.868904010699307,1405.1779526182959,0.026748682210531432,0.026748682210531432,0.0,0.0
55,COMPLETE,0.06914518059850593,0.07271398536464964,0.34625440406703867,0.007406197034700456,1.159911796159489,18.328193779814068,1.8000045419273731,34.406211705265186,1438.8180844553117,0.026748682210531432,0.026748682210531432,0.0,0.0
56,COMPLETE,0.02931156768240144,0.07894308661341241,0.40214880430009753,0.006812300812414742,1.1175690314393476,17.626519612193867,1.5179384553150084,35.850873593899856,1466.0384240757273,0.026748682210531432,0.026748682210531432,0.0,0.0
57,COMPLETE,0.06335604154301308,0.08076001632275791,0.3619260727825947,0.006470744787950337,1.179076697418667,19.141697739496088,1.7031783185531768,31.283457370405543,1420.9535693591374,0.026748682210531432,0.026748682210531432,0.0,0.0
58,COMPLETE,0.027642792912439224,0.06972525344909355,0.3769307999450706,0.006682460867691764,1.1014697457627298,17.922112869175315,1.7453864242271697,28.615101655111186,1387.2424242479956,0.026748682210531432,0.026748682210531432,0.0,0.0
59,COMPLETE,0.02840225343172614,0.06880905849872322,0.37859074750530225,0.007211252780760703,1.1000556058650186,16.111628792478548,1.8802552699379835,28.79672458501278,1372.553513236857,0.026748682210531432,0.026748682210531432,0.0,0.0
60,COMPLETE,0.07731713910899704,0.0700462627034712,0.3656899925755201,0.007020476404198249,1.2026954466706703,17.22505311926403,1.7233278370258243,27.794080754771624,1356.69764739257,0.026748682210531432,0.026748682210531432,0.0,0.0
61,COMPLETE,0.02907156686523793,0.06462262766724478,0.37862816956113937,0.00723708397783053,1.1003013453512345,16.16403630062301,1.9390922514026312,28.690910217451034,1369.4564415850432,0.026748682210531432,0.026748682210531432,0.0,0.0
62,COMPLETE,0.044794374646823676,0.06958363987047114,0.3900130064516018,0.0071769327820603804,1.1513481598573079,15.191472296184195,1.8537415766606804,29.7997581754747,1391.6502661206296,0.026748682210531432,0.026748682210531432,0.0,0.0
63,COMPLETE,0.033641462512798086,0.06752620193561448,0.3761785690238004,0.0068238760181217,1.1152392906340427,15.827864305463931,1.7619830194535018,25.083306423786514,1380.914971010048,0.026748682210531432,0.026748682210531432,0.0,0.0
64,COMPLETE,0.040643277426900506,0.07178256574607557,0.3412924259019749,0.006670253915510309,1.1017866569449704,16.486741811998566,1.628918048054669,26.994517685132735,1386.4347313891924,0.026748682210531432,0.026748682210531432,0.0,0.0
65,COMPLETE,0.050346717867205605,0.07430313197938347,0.3525992466783276,0.007372482352761811,1.1293277783305484,14.617155790137428,1.9051683431643607,30.51504625806737,1365.07597427034,0.026748682210531432,0.026748682210531432,0.0,0.0
66,COMPLETE,0.04136433246167524,0.0659186339112211,0.39143299644074764,0.006583232113168091,1.145921299940905,13.448854363036457,1.7617766036847626,28.8279096192516,1404.7239109227246,0.026748682210531432,0.026748682210531432,0.0,0.0
67,COMPLETE,0.06455837668343281,0.06134519901731506,0.3672590926823274,0.007252762302174455,1.1651712675306847,17.774109806149603,1.6181016636477248,23.503466552313068,1417.876145515824,0.026748682210531432,0.026748682210531432,0.0,0.0
68,COMPLETE,0.031106976709413602,0.07012203657071112,0.3830532019726769,0.006957033202193791,1.1147194759743726,18.456991523162362,1.8837743837235787,25.843328501854923,1375.123534964803,0.026748682210531432,0.026748682210531432,0.0,0.0
69,COMPLETE,0.06979613169796733,0.06871480974722133,0.32370976424350323,0.007086395886673683,1.1347045696437392,18.8126766498576,0.8461469596086326,28.365361295965215,1451.436508156709,0.026748682210531432,0.026748682210531432,0.0,0.0
70,COMPLETE,0.0551816273772349,0.07719253218352108,0.35856221849896036,0.006843744673734411,1.1505345934249813,15.693868698516175,1.3797129393205132,30.160108168985115,1358.7235670438347,0.026748682210531432,0.026748682210531432,0.0,0.0
71,COMPLETE,0.02998786421204417,0.06342602389336509,0.3752959279509445,0.007296031970295246,1.1006978782237218,16.320478410027217,1.9446588746967177,26.788626448291968,1369.2300617981994,0.026748682210531432,0.026748682210531432,0.0,0.0
72,COMPLETE,0.031402993487882655,0.06546123760700008,0.40475535429680964,0.007177448278281125,1.1009595708067352,16.105681075654072,1.920391146625771,27.860383841124335,1372.752896289143,0.026748682210531432,0.026748682210531432,0.0,0.0
73,COMPLETE,0.040658775190603076,0.0673276813760359,0.3783789433366562,0.007236965170422447,1.1298273877107758,14.83719187668359,1.9847113833763679,28.95553656234697,1396.4187066527186,0.026748682210531432,0.026748682210531432,0.0,0.0
74,COMPLETE,0.04350011494237689,0.07609554051545331,0.3489083545121834,0.0070231086546955635,1.1153327590418063,15.577188158497234,1.8192092329016223,31.766245468726847,1383.7189294646744,0.026748682210531432,0.026748682210531432,0.0,0.0
75,COMPLETE,0.04347514232294128,0.060345455769994845,0.3799990456277632,0.006889868657027427,1.135829857071836,16.84961709974976,1.759081351560423,28.39290579554027,1360.5365643053642,0.026748682210531432,0.026748682210531432,0.0,0.0
76,COMPLETE,0.053167320790124456,0.06380507353261068,0.3939629411616729,0.007116304244268946,1.1711624671072312,19.312743312327292,1.841876238300236,26.149074284420713,1433.313931735048,0.026748682210531432,0.026748682210531432,0.0,0.0
77,COMPLETE,0.031667333326315945,0.06478274951203225,0.4203656438748664,0.006787907996323992,1.119789676477582,19.707262128576723,1.686331627367678,29.60648973459664,1408.1725540773452,0.026748682210531432,0.026748682210531432,0.0,0.0
78,COMPLETE,0.037932255403548054,0.071149649021779,0.40092536544993934,0.006694019631480621,1.1493818599823789,18.106367869702716,1.5812304358268583,32.767781183469154,1400.2143755923657,0.026748682210531432,0.026748682210531432,0.0,0.0
79,COMPLETE,0.0462562428219154,0.0890361864100431,0.334272141023078,0.007657803799510221,1.10926488967986,13.999629997769386,1.487439884742731,33.51113631275509,1418.082305189704,0.026748682210531432,0.026748682210531432,0.0,0.0
80,COMPLETE,0.04103559430543197,0.08688816030686548,0.36962412150002566,0.007943094472524465,1.1320049181700034,17.18172369665849,1.161197988599528,30.62280330271722,1350.0221161358634,0.026748682210531432,0.026748682210531432,0.0,0.0
81,COMPLETE,0.028916638808824262,0.08724979820138805,0.4085969389388206,0.006519153442539617,1.1348816928621621,18.896238891511636,1.0756877974411372,35.28858269899016,1429.0774439772147,0.026748682210531432,0.026748682210531432,0.0,0.0
82,COMPLETE,0.0322538059769696,0.08719315228840209,0.41335630549189545,0.006488185847027924,1.1126785484456456,18.761426891733986,1.0615348801695583,35.27946636353113,1441.0832323003974,0.026748682210531432,0.026748682210531432,0.0,0.0
83,COMPLETE,0.04075865552247768,0.06745565783382043,0.3851710523919994,0.006637720266336587,1.1416158704980792,17.949856814597226,0.9839070238336943,36.477650540975745,1459.8856590158807,0.026748682210531432,0.026748682210531432,0.0,0.0
84,COMPLETE,0.028337748675574058,0.0829909707096105,0.3979053099907019,0.0063397817259373285,1.1255824050265526,18.92945415700308,1.1738034885268522,34.43488299185009,1422.975136879701,0.026748682210531432,0.026748682210531432,0.0,0.0
85,COMPLETE,0.03446093440404656,0.0831902282221719,0.40815407577250484,0.0063298450416690915,1.1593201159830433,19.009914557558464,1.1564267179182675,34.733732610233595,1424.9577242733699,0.026748682210531432,0.026748682210531432,0.0,0.0
86,COMPLETE,0.032133658366267595,0.08606998978721953,0.42396902420354415,0.006056170921389571,1.126437378026201,19.656965969992306,1.0911917683087355,33.44955722778811,1446.9679263904088,0.026748682210531432,0.026748682210531432,0.0,0.0
87,COMPLETE,0.02744376067524275,0.08921843277050982,0.3990840362908578,0.0061578020091342485,1.1133982719595537,18.384072855216964,1.2561997819676667,34.54034294035505,1434.4455731896762,0.026748682210531432,0.026748682210531432,0.0,0.0
88,COMPLETE,0.04585075789995189,0.08121568098920007,0.39900101196707416,0.006226243512589013,1.1814539334001128,18.389688671115216,1.2576628300293329,34.37693266974708,1435.0752485888645,0.026748682210531432,0.026748682210531432,0.0,0.0
89,COMPLETE,0.026869834387282708,0.0797024527781069,0.3955594795097644,0.006297114862683473,1.1126896981325871,19.327935609150682,1.3572935734082394,38.43752069026631,1412.7145900645519,0.026748682210531432,0.026748682210531432,0.0,0.0
90,COMPLETE,0.026146051327112476,0.08918095268028808,0.38857841003715876,0.006179735698016638,1.1158676185892011,19.32504800438276,1.347130939334099,38.43878215623959,1417.3545505014497,0.026146051327112476,0.026748682210531432,0.0006026308834189559,2.2529367191842047
91,COMPLETE,0.02568439214776165,0.08909796711009894,0.38684343027742535,0.0061380192183817,1.1130695380444,19.368781501225687,1.3594633016955142,38.73045655623389,1413.112704391652,0.02568439214776165,0.026146051327112476,0.00046165917935082554,1.765693693380393
92,COMPLETE,0.07273200120992135,0.07977010842522839,0.49475001132408947,0.0061585457777868615,1.1229997719945868,19.362389272956907,1.398861025977201,38.92927374854949,1415.9376153780304,0.02568439214776165,0.02568439214776165,0.0,0.0
93,COMPLETE,0.025820147172314886,0.08926064421670456,0.39147849179091126,0.00601249331503491,1.1142753010092625,19.71399868165401,1.3301421648924756,38.55197151215141,1409.6065547975147,0.02568439214776165,0.02568439214776165,0.0,0.0
94,COMPLETE,0.0257510388139974,0.08909070705700387,0.38431067001012215,0.006122930394005248,1.113851564595113,19.638540636181176,1.3343336576539526,39.81461544254447,1408.7740791851063,0.02568439214776165,0.02568439214776165,0.0,0.0
95,COMPLETE,0.032048525707121064,0.08921467154971623,0.3910055612625882,0.006018560128936187,1.1436623395459178,19.77331157138815,1.3323916627019994,38.93298165094938,1390.9316956717412,0.02568439214776165,0.02568439214776165,0.0,0.0
96,COMPLETE,0.02551462325804559,0.08988919733857859,0.3841353806687374,0.006118850156912442,1.1129521559660494,19.362927755118918,1.3595408787876329,38.170198360406374,1410.29333082272,0.02551462325804559,0.02568439214776165,0.00016976888971606194,0.660980757260619
97,COMPLETE,0.03931310214165248,0.08845571180805809,0.3868955265663711,0.006079968810004793,1.1588524209071343,19.50929505722637,1.4490431347159318,39.93173961190084,1407.5568220907157,0.02551462325804559,0.02551462325804559,0.0,0.0
98,COMPLETE,0.026302471366774625,0.08920064443419641,0.3733631567889771,0.00613723194821158,1.1114942612800904,19.994762899833823,1.2915975188326765,38.37739480152181,1412.7505352482772,0.02551462325804559,0.02551462325804559,0.0,0.0
99,COMPLETE,0.02744827863455193,0.0899019894740708,0.37154385404954515,0.00612378542469128,1.1139277872606625,19.993060883712456,1.356833306655341,38.24155957028612,1400.8380459236323,0.02551462325804559,0.02551462325804559,0.0,0.0
100,COMPLETE,0.10939232148555948,0.08912267153044025,0.26178699767946234,0.006181984608809095,1.173859538088156,19.250316968187292,1.2849014157975553,39.49449665380704,1413.5466437429855,0.02551462325804559,0.02551462325804559,0.0,0.0
101,COMPLETE,0.02793542553819432,0.08942459378538282,0.3690660948589164,0.006124391046098873,1.1133845242688223,19.974062710061144,1.3492117029133088,37.86548960480933,1401.1745406136145,0.02551462325804559,0.02551462325804559,0.0,0.0
102,COMPLETE,0.025790153159684807,0.08988397250106678,0.38425059870598205,0.006268052477168447,1.112753988072866,19.78706383960776,1.4115116417654532,38.39332852222785,1411.7441651658175,0.02551462325804559,0.02551462325804559,0.0,0.0
103,COMPLETE,0.03386272286748365,0.0878260251647685,0.3870227790535388,0.00625532533836507,1.1422958334693565,19.72217762357031,1.4155156946702923,38.293419120085325,1409.6487526625901,0.02551462325804559,0.02551462325804559,0.0,0.0
104,COMPLETE,0.02826906436371745,0.08997324747248404,0.38329921119890425,0.006015608197184342,1.126062736001865,19.36142612577205,1.2988369345369044,37.17123455846383,1395.0723783758215,0.02551462325804559,0.02551462325804559,0.0,0.0
105,COMPLETE,0.032051770621917275,0.0885893898392026,0.3579681114607374,0.006291345825521633,1.1122776867577238,19.54136788968438,1.4779680864064135,38.70486576466694,1421.3860894418624,0.02551462325804559,0.02551462325804559,0.0,0.0
106,COMPLETE,0.032278351878619826,0.08798388063799548,0.4042716410932299,0.006181512396177671,1.1534275821070128,18.549386424718385,1.2632737353704875,39.42313646869869,1414.1412541191082,0.02551462325804559,0.02551462325804559,0.0,0.0
107,COMPLETE,0.030852422919440216,0.08883534915026339,0.3906541190568831,0.006105065922169467,1.1381990842751026,19.177737867280545,1.1990481484727942,37.352445148041845,1406.1255328842694,0.02551462325804559,0.02551462325804559,0.0,0.0
108,COMPLETE,0.05879272063784766,0.08943369648818329,0.37452090376196795,0.006227334854490993,1.1945590325396118,19.738267334053273,1.4195993671453802,38.50040141716117,1428.5299602270886,0.02551462325804559,0.02551462325804559,0.0,0.0
109,COMPLETE,0.032811400457767724,0.07501525594253478,0.3648562897008417,0.006413081320803077,1.1120543128049358,19.494291190866342,1.3838219503090077,37.781480985505276,1398.1057647735909,0.02551462325804559,0.02551462325804559,0.0,0.0
110,COMPLETE,0.03027355281429651,0.08839953197440498,0.41606191437968676,0.006153728337620696,1.1264903230437646,18.72234129896018,1.3120850924701306,36.87731413226697,1410.3296269510518,0.02551462325804559,0.02551462325804559,0.0,0.0
111,COMPLETE,0.02767417568781407,0.08991515026034673,0.3733144956118205,0.00611211251130071,1.1163856572292574,19.989549394623346,1.3544836194207694,39.167580711462605,1402.5790139589567,0.02551462325804559,0.02551462325804559,0.0,0.0
112,COMPLETE,0.026447835450183838,0.0899606241289476,0.3946959518207639,0.0060549225364240795,1.1115997837484652,19.751612929798565,1.356876663422281,38.17046680675236,1418.0290575197494,0.02551462325804559,0.02551462325804559,0.0,0.0
113,COMPLETE,0.028199148923327453,0.08888559636251242,0.3997520627768551,0.006055282000519929,1.1327293406390104,19.207053985773012,1.228193087290994,39.725750256195795,1417.012978167723,0.02551462325804559,0.02551462325804559,0.0,0.0
114,COMPLETE,0.026470889671486315,0.08792575515752263,0.39354299385322244,0.006007166765206551,1.1086028005676445,19.796960235832593,1.5145798080200625,37.84102843725718,1432.9960327182898,0.02551462325804559,0.02551462325804559,0.0,0.0
115,COMPLETE,0.026939265023381776,0.08762149060334597,0.3930770379380562,0.00601425517507655,1.1238133626679119,19.77554089012206,1.4429761705803459,37.73408625758801,1425.569459281721,0.02551462325804559,0.02551462325804559,0.0,0.0
116,COMPLETE,0.03753952583611041,0.08782645729456712,0.3935949816193539,0.006006120820150419,1.1617694312054851,19.78296000488219,1.4989896638979432,36.384077043589095,1422.4580553454625,0.02551462325804559,0.02551462325804559,0.0,0.0
117,COMPLETE,0.15266964334798191,0.08567485864580106,0.38310286174404806,0.006055254956099571,1.6051458872886917,19.417573205565738,1.4409136004005592,37.69133625725789,1427.090497500924,0.02551462325804559,0.02551462325804559,0.0,0.0
118,COMPLETE,0.03365150813856639,0.08663093561885295,0.38916907731742506,0.006002298705445553,1.1448844765643726,19.58682504644592,1.5347959383505123,38.52575981764501,1573.049921526454,0.02551462325804559,0.02551462325804559,0.0,0.0
119,COMPLETE,0.02803091150854715,0.08808480368993189,0.4043715436152166,0.006197464378340379,1.1238018621287198,19.78548135725219,1.401673187609556,39.14563704839085,1410.4131990910544,0.02551462325804559,0.02551462325804559,0.0,0.0
120,COMPLETE,0.03029831678493048,0.0873146960653153,0.3934397885042025,0.006275141752819788,1.1347994749491754,19.110232672045864,1.564759175784991,38.1207301936629,1417.7123845406043,0.02551462325804559,0.02551462325804559,0.0,0.0
121,COMPLETE,0.026181596589971348,0.07809729057836527,0.38054596394019524,0.0061013255675054796,1.1086755236757542,19.353871595145698,1.456379352577541,37.06482568043922,1430.8705759616603,0.02551462325804559,0.02551462325804559,0.0,0.0
122,COMPLETE,0.02651399630383922,0.07842266516292369,0.3810825844711806,0.006107940744973732,1.1103688457832754,19.34646534001505,1.455012354150807,37.08146906724233,1423.240895269669,0.02551462325804559,0.02551462325804559,0.0,0.0
123,COMPLETE,0.025060806052479647,0.08996167911027395,0.38047849891421154,0.006082118433746932,1.1094886761039082,19.35488529805461,1.340276018635353,36.984286729443234,1441.928341967387,0.025060806052479647,0.02551462325804559,0.00045381720556594146,1.7786553263052323
124,COMPLETE,0.024747363495936286,0.08957424557343448,0.3796944776620732,0.006073996519132361,1.1076233835827367,19.549575190573332,1.3238216416713435,36.966096606522306,1443.6381629424852,0.024747363495936286,0.025060806052479647,0.0003134425565433606,1.2507281525062797
125,COMPLETE,0.025117085818223417,0.08954564655978586,0.37625239264652205,0.006097957490520528,1.1082460860293326,19.515434181934165,1.3203966119132338,36.93033357061003,1442.1460000592954,0.024747363495936286,0.024747363495936286,0.0,0.0
126,COMPLETE,0.04241098914196651,0.0899793231851805,0.36623138213749407,0.006072308464869626,1.1460675298466596,19.493605462737413,1.3158932609074259,37.51217398449265,1443.7969718563547,0.024747363495936286,0.024747363495936286,0.0,0.0
127,COMPLETE,0.13713817849162208,0.0886419761068821,0.3763999775745273,0.006239081918559258,1.4910907595378409,19.61571477873281,1.2854138598604028,36.728280838557076,1453.0114900778217,0.024747363495936286,0.024747363495936286,0.0,0.0
128,COMPLETE,0.02572376333276297,0.08934329269125195,0.3871088928465227,0.006363002889513428,1.1076854792972957,19.095592658478456,1.377929155767019,36.04650241097194,1440.7698017197988,0.024747363495936286,0.024747363495936286,0.0,0.0
129,COMPLETE,0.038663522860701655,0.08940713616410634,0.35350786893827374,0.006142169395226054,1.1236901123135166,19.07533792918532,1.3781011152570182,36.08169661597563,1443.0918345163218,0.024747363495936286,0.024747363495936286,0.0,0.0
130,COMPLETE,0.041791195244931696,0.08931849600263116,0.3606741439134446,0.006341195984572247,1.1364201362475959,19.153924081707636,1.3364304450604112,36.22317305528974,1459.3825533412937,0.024747363495936286,0.024747363495936286,0.0,0.0
131,COMPLETE,0.024973986465920896,0.08849318344034475,0.3839276124641529,0.0060796872807712355,1.1073988401510975,19.813966668525648,1.4143208717114308,36.907159981225846,1447.854960246042,0.024747363495936286,0.024747363495936286,0.0,0.0
132,COMPLETE,0.025195396404899064,0.08864578918411846,0.384163583060573,0.006197075779831906,1.1077554411771904,19.984437363837987,1.4104468241274788,36.86761651194229,1465.652236221617,0.024747363495936286,0.024747363495936286,0.0,0.0
133,COMPLETE,0.02746102692908625,0.08877071210438507,0.3857779110491546,0.006200604247519753,1.1220623719461986,19.99202970538625,1.4110788987329896,35.86738361190038,1476.6755777401581,0.024747363495936286,0.024747363495936286,0.0,0.0
134,COMPLETE,0.024548156753613905,0.08831327443984992,0.37469979382257457,0.006101274936427497,1.1017549234778734,19.58797357921765,1.4691429065982637,37.23906937084666,1489.64350645545,0.024548156753613905,0.024747363495936286,0.00019920674232238103,0.8049614754116832
135,COMPLETE,0.025298063166969934,0.0883463790568993,0.3794464935948544,0.006396205253362013,1.102066174927234,18.948341530019608,1.4697149119638508,36.89684975627137,1466.8959286704876,0.024548156753613905,0.024548156753613905,0.0,0.0
136,COMPLETE,0.025718631378827277,0.08667649160150742,0.3675544969152363,0.006360436526921024,1.1000951191488548,18.883633165877868,1.4771343490487117,36.6609263869677,1488.2982186033028,0.024548156753613905,0.024548156753613905,0.0,0.0
137,COMPLETE,0.026237682824517855,0.08648703217305238,0.36659918251392287,0.00640635547287688,1.1012911394804081,18.86816978064118,1.4822338880897827,35.64568322869269,1493.8749185217348,0.024548156753613905,0.024548156753613905,0.0,0.0
138,COMPLETE,0.03222849670710689,0.0882343103999329,0.37649332072947883,0.0063460363139150825,1.1282405903817572,18.606294315398493,1.4191097391407688,36.94760916565451,1465.902476122669,0.024548156753613905,0.024548156753613905,0.0,0.0
139,COMPLETE,0.025208331955922834,0.08724079909739987,0.3697212397968818,0.00626242366517406,1.10013704799689,18.978122122507795,1.5939783072355804,36.57202509544494,1490.5062496069365,0.024548156753613905,0.024548156753613905,0.0,0.0
140,COMPLETE,0.025568496240490946,0.08714326804413604,0.368905090466075,0.006381124553315432,1.1002721005692337,19.00571247181757,1.558757207708482,36.55212478710129,1498.6552377907065,0.024548156753613905,0.024548156753613905,0.0,0.0
141,COMPLETE,0.026014841917643864,0.08734722649472831,0.369368133477673,0.006408102658927091,1.1019279991844146,18.931599759306536,1.5894442098884094,36.549293724080364,1493.9300924995168,0.024548156753613905,0.024548156753613905,0.0,0.0
142,COMPLETE,0.02777509675950741,0.08602250260023023,0.36259815489892705,0.006460723181083535,1.1024176900364582,19.071977506889013,1.5353227680439416,37.36326211499182,1502.775329405015,0.024548156753613905,0.024548156753613905,0.0,0.0
143,COMPLETE,0.02846815765025898,0.08703834333697608,0.3567384102941602,0.0062913094843067546,1.1000333935509476,18.657070129444012,1.6503694101763091,36.12615670236175,1483.6282774517088,0.024548156753613905,0.024548156753613905,0.0,0.0
144,COMPLETE,0.03082057754163605,0.08823277361158276,0.37535785418859424,0.0063675385900354995,1.1235356487932162,19.589013131935175,1.4992145874035672,36.71390137859416,1519.094028285014,0.024548156753613905,0.024548156753613905,0.0,0.0
145,COMPLETE,0.03711818961102494,0.08660789832682848,0.3707439126670555,0.006251438860827323,1.1344559206866298,18.882766021686496,1.587092016047973,35.55942026724658,1476.3984971342618,0.024548156753613905,0.024548156753613905,0.0,0.0
146,COMPLETE,0.027678583778799077,0.08481117440595506,0.37984131209224964,0.006220480061221524,1.1164840956596729,19.206047793552464,1.473744761829916,36.42149336865548,1504.7913559691597,0.024548156753613905,0.024548156753613905,0.0,0.0
147,COMPLETE,0.10133747579252209,0.08852213055640673,0.38557219752955857,0.006263078452907442,1.3344518502785139,19.56704936742995,1.3987035830323844,37.393254103664134,1492.562821861471,0.024548156753613905,0.024548156753613905,0.0,0.0
148,COMPLETE,0.03812521475349351,0.08561011664762923,0.3647670990400903,0.006311169624083403,1.1300715524953588,19.46282786685675,1.5555070987794208,36.80674369000627,1497.5829561051219,0.024548156753613905,0.024548156753613905,0.0,0.0
149,COMPLETE,0.04358247354155109,0.08781874416438752,0.34277536171889467,0.00637803825196196,1.120329125366922,19.01429601477542,1.382224537804208,35.191876566177356,1483.1161863019042,0.024548156753613905,0.024548156753613905,0.0,0.0
150,COMPLETE,0.02640416633790963,0.08860216777285342,0.371458780536854,0.0061689779008889415,1.108680657227762,18.486905879555465,1.4275645206009704,35.84536276954621,1510.6146761744155,0.024548156753613905,0.024548156753613905,0.0,0.0
151,COMPLETE,0.11656970446904288,0.0895973766705914,0.3865532836710419,0.006081692400009723,1.4030552015549047,19.633342468800265,1.3141591155052081,37.40551874765753,1469.9766120751394,0.024548156753613905,0.024548156753613905,0.0,0.0
152,COMPLETE,0.02919897258466469,0.08930804368101503,0.3791370449029701,0.006088953757726013,1.1183012776222998,11.381934155093337,1.3836554688835194,38.876472777897,1487.9112364208986,0.024548156753613905,0.024548156753613905,0.0,0.0
153,COMPLETE,0.025372425977820877,0.08754028069014186,0.38283486490821794,0.006201695855369207,1.1000356948607435,19.24437430746485,1.3289731398781526,37.87606868999209,1472.5399890130507,0.024548156753613905,0.024548156753613905,0.0,0.0
154,COMPLETE,0.025237591010237086,0.08727710244342399,0.3752474505991142,0.006435828663906739,1.1005109308846075,19.240295171844046,1.4635337173841094,36.372793386357834,1471.9582424757834,0.024548156753613905,0.024548156753613905,0.0,0.0
155,COMPLETE,0.025489448797492653,0.08702139657398533,0.3746330065415707,0.00642485445309169,1.1010574971689042,18.771284770740067,1.464841775716384,36.26805540424607,1470.0272586554902,0.024548156753613905,0.024548156753613905,0.0,0.0
156,COMPLETE,0.025529904034288883,0.08707564258121113,0.3751264773429277,0.006494312424210953,1.1017068900853868,18.771195367123035,1.4568931561912577,36.17840792186574,1474.32737129449,0.024548156753613905,0.024548156753613905,0.0,0.0
157,COMPLETE,0.03021820643254658,0.08624230299023006,0.3585816367010218,0.006513767106614305,1.1050206487782375,18.757173910892263,1.4980654859837335,36.74404565911686,1472.6989117533367,0.024548156753613905,0.024548156753613905,0.0,0.0
158,COMPLETE,0.02580488325879425,0.08704434787574085,0.3748314905387286,0.006602739657288233,1.1018789030644196,18.37112052460955,1.4641018839792557,36.35375138520006,1480.2000250603212,0.024548156753613905,0.024548156753613905,0.0,0.0
159,COMPLETE,0.025501607792451038,0.08756164091032057,0.3718531069999908,0.00645265067357655,1.1007296317808157,18.77621853814678,1.5245776533088962,37.099200104217815,1468.2805692131187,0.024548156753613905,0.024548156753613905,0.0,0.0
160,COMPLETE,0.03522635377100503,0.08416352239957542,0.37272295017914864,0.0064265173863902614,1.1289698638208059,18.146358728088103,1.5223239793849586,37.22514873389304,1462.3790510869171,0.024548156753613905,0.024548156753613905,0.0,0.0
161,COMPLETE,0.02632588080197886,0.08746526970957437,0.36730896645038325,0.00644309250517821,1.1015667044905857,18.680253533566287,1.6271447022418573,36.853651975858476,1468.987064851812,0.024548156753613905,0.024548156753613905,0.0,0.0
162,COMPLETE,0.035402824746056646,0.08677691442341079,0.3629273952840102,0.0065426438824574,1.1211550293887345,18.93254327739918,1.5487920264881283,35.58393109756537,1454.9816961344043,0.024548156753613905,0.024548156753613905,0.0,0.0
163,COMPLETE,0.025540242755306773,0.08604078796330314,0.3767570311614952,0.0064897204581713394,1.100719445859123,19.24637599108504,1.4647370616895656,37.94121884297506,1473.9896368637392,0.024548156753613905,0.024548156753613905,0.0,0.0
164,COMPLETE,0.029563626299897665,0.08504011483702666,0.3782307927395635,0.006463625272263897,1.1196260211883313,19.295637990773066,1.5966918140008521,38.0077495070457,1475.3012139576433,0.024548156753613905,0.024548156753613905,0.0,0.0
165,COMPLETE,0.03736661611652839,0.08558170441843638,0.3800847722539357,0.006509907990560494,1.141198525786142,19.261309953538216,1.4348222641229862,37.627271825496436,1465.7062470547407,0.024548156753613905,0.024548156753613905,0.0,0.0
166,COMPLETE,0.02740496305416227,0.0877480651482756,0.3735227961906753,0.0065722294435764115,1.1101027311443148,18.6022633719845,1.4612328058197848,37.18398021597625,1480.663455151709,0.024548156753613905,0.024548156753613905,0.0,0.0
167,COMPLETE,0.04629120866860144,0.08738854050471254,0.34908636922385755,0.006485099271877272,1.1317092091398553,19.450007045265853,1.5316418196265935,36.35615721410453,1448.858532768967,0.024548156753613905,0.024548156753613905,0.0,0.0
168,COMPLETE,0.026081180954857078,0.08601268569032355,0.381142499241227,0.006198087364556456,1.1109416479365117,19.16570117657985,1.5162834826008424,34.98763748259354,1470.700040569755,0.024548156753613905,0.024548156753613905,0.0,0.0
169,COMPLETE,0.05466282100294495,0.08829575484139039,0.3088303942544691,0.006412556994623903,1.1007664109010924,18.801197682838087,1.4359270466613088,37.93074295482184,1459.9177857290929,0.024548156753613905,0.024548156753613905,0.0,0.0
170,COMPLETE,0.031584363219795956,0.08818285246221769,0.36998186824964513,0.006309242688439789,1.1213206978751156,19.38848047285781,1.4970710251534072,37.59000902646149,1457.623239567959,0.024548156753613905,0.024548156753613905,0.0,0.0
171,COMPLETE,0.02603866356017527,0.08671625803291187,0.3680473351455564,0.006458720704724381,1.1010120128863414,18.962116934836253,1.5647090986555303,36.58798532865122,1486.2324904291665,0.024548156753613905,0.024548156753613905,0.0,0.0
172,COMPLETE,0.02658194876227098,0.0863647103785952,0.376694514330573,0.0063725975661615,1.1097242296955463,18.81589707606857,1.4446307560372695,37.01899778987994,1497.0317774770044,0.024548156753613905,0.024548156753613905,0.0,0.0
173,COMPLETE,0.025854361334212064,0.08718017641912375,0.3647019917304993,0.006146913824601003,1.100829204949517,19.09060057956686,1.468611554886358,36.184738990480355,1478.7169430359643,0.024548156753613905,0.024548156753613905,0.0,0.0
174,COMPLETE,0.02965407223300029,0.08765962782099315,0.3748196544512064,0.006524434589461022,1.1182572465627536,18.45354981963055,1.3992012405114043,36.613371682697704,1489.9135219185778,0.024548156753613905,0.024548156753613905,0.0,0.0
175,COMPLETE,0.04073156024509741,0.08881522849524534,0.35524676011471046,0.006221415422610994,1.1289688830922047,19.235231263346844,1.3566786246559714,37.45754647619882,1464.7736844971564,0.024548156753613905,0.024548156753613905,0.0,0.0
176,COMPLETE,0.025308180495642107,0.0885867719712482,0.38260147031799285,0.006058485088037755,1.1002110712338122,19.424789277232822,1.6604010043179238,37.06002475781578,1472.8191621792628,0.024548156753613905,0.024548156753613905,0.0,0.0
177,COMPLETE,0.025474928851716153,0.0886299979375218,0.3830967876918257,0.006049487580112147,1.1108552869027608,19.442280436008545,1.6708404949147593,37.12632741988085,1471.2844177564318,0.024548156753613905,0.024548156753613905,0.0,0.0
178,COMPLETE,0.02717359011982037,0.08854815606735887,0.38230595826532787,0.006051924932563131,1.1194172263104853,19.473427333627807,1.6709961141831189,37.180837915079124,1471.4966624805247,0.024548156753613905,0.024548156753613905,0.0,0.0
179,COMPLETE,0.14292904533368994,0.08771181610760305,0.3780032317054397,0.006078731933441344,1.533622062891785,19.86864840660595,1.6512530108513594,35.91676549658371,1473.8164817603329,0.024548156753613905,0.024548156753613905,0.0,0.0
180,COMPLETE,0.031386685075044156,0.08823297978981857,0.38779627166120495,0.006109424802319771,1.1364435401692237,19.52554854117544,1.7035504939190838,37.005945108360024,1449.7487347918482,0.024548156753613905,0.024548156753613905,0.0,0.0
181,COMPLETE,0.02603666645329237,0.08882485266017738,0.3901666657387605,0.006147200903084091,1.1100114964547714,19.20127138966478,1.6017313246529594,37.785168021610694,1462.5011490824293,0.024548156753613905,0.024548156753613905,0.0,0.0
182,COMPLETE,0.025582884903778934,0.08997193795802777,0.38414421787148134,0.006046099586826228,1.1119958619989563,19.348609930974778,1.6337758500554125,37.95854405035102,1467.4225186671342,0.024548156753613905,0.024548156753613905,0.0,0.0
183,COMPLETE,0.02544452789894126,0.08970651314308498,0.3840056696125976,0.0060454053895084795,1.1109104105137688,19.05540790677773,1.6474509158860289,38.026359990527496,1468.6500818515085,0.024548156753613905,0.024548156753613905,0.0,0.0
184,COMPLETE,0.024697611220520898,0.08719902083812044,0.3713993818298454,0.0060445685080161215,1.1000126368038956,19.088186836448717,1.6747939159977634,36.37919269690591,1454.628771576402,0.024548156753613905,0.024548156753613905,0.0,0.0
185,COMPLETE,0.028170693992161416,0.08804791473024459,0.37977057765740835,0.0060418071671048896,1.1213183501302462,19.68672043778243,1.6791610957175371,36.15754397397862,1454.2696285349705,0.024548156753613905,0.024548156753613905,0.0,0.0
186,COMPLETE,0.02638522313720315,0.08889633647047729,0.3734756420691617,0.006085227591906377,1.11042500753195,18.63786957611029,1.7277618551354967,35.57531411871497,1459.3243637857652,0.024548156753613905,0.024548156753613905,0.0,0.0
187,COMPLETE,0.02990832659979491,0.08746706279793239,0.38310684753881413,0.006178646052890068,1.1276626077565175,19.10248213321092,1.7213711928765105,37.06637555007809,1477.8136360588662,0.024548156753613905,0.024548156753613905,0.0,0.0
188,COMPLETE,0.0254703749481628,0.08834591518011319,0.37687451463165034,0.006055619455910814,1.10908238911158,19.565783203083257,1.6645132390646704,37.56131321110282,1466.2093559513698,0.024548156753613905,0.024548156753613905,0.0,0.0
189,COMPLETE,0.028775336661801196,0.08863107485402094,0.3722590060656634,0.006043350277543551,1.1178250400702892,19.857018190136742,1.6727526243002149,37.40250867309296,1467.6878314831424,0.024548156753613905,0.024548156753613905,0.0,0.0
190,COMPLETE,0.03285818010785136,0.08951093872133649,0.3900174791494481,0.006114586890152726,1.1438133546205893,19.572279200489,1.6178929826368078,36.8509989989526,1452.6899387235133,0.024548156753613905,0.024548156753613905,0.0,0.0
191,COMPLETE,0.024815559635035435,0.08806244831155842,0.3789392162704047,0.006073612299010037,1.100730874072562,19.333320833250806,1.6554514393634767,37.649862675358804,1473.5900930903533,0.024548156753613905,0.024548156753613905,0.0,0.0
192,COMPLETE,0.025088244259015034,0.08814949168937926,0.3823180615182368,0.0060837257397288675,1.1076905604082525,19.470711670078718,1.6484630058489158,37.5416213396696,1463.4191701621835,0.024548156753613905,0.024548156753613905,0.0,0.0
193,COMPLETE,0.02562693895103355,0.08825528931860419,0.38270076367885214,0.006088086377647032,1.1112382312692237,19.504009478735092,1.6404640820916987,37.4633774344842,1464.055354937049,0.024548156753613905,0.024548156753613905,0.0,0.0
194,COMPLETE,0.02792697620581218,0.08952765736803983,0.3881216742304751,0.006045557884843051,1.1266975425410086,19.80032372871079,1.6979811119011534,38.20093165485414,1447.4117389591613,0.024548156753613905,0.024548156753613905,0.0,0.0
195,COMPLETE,0.025549637962209968,0.08883007196171981,0.38013618400597193,0.006001803024047604,1.1115373556045378,19.39795864836176,1.654972372298671,37.546432723713956,1455.755159862062,0.024548156753613905,0.024548156753613905,0.0,0.0
196,COMPLETE,0.027083722048492503,0.08794720550892315,0.3842412859670351,0.0061381520642513916,1.1193617569182719,19.64133221494233,1.607285627541813,22.058430152060343,1463.0159882684402,0.024548156753613905,0.024548156753613905,0.0,0.0
197,COMPLETE,0.027864170542113757,0.08992671243405298,0.3982444499190927,0.0060779823736054495,1.109705253344976,19.031190776283157,1.7075574148130084,37.00251782920405,1482.3710638370198,0.024548156753613905,0.024548156753613905,0.0,0.0
198,COMPLETE,0.026296311528425428,0.08894770901625167,0.36194682880334333,0.00616121116199159,1.1000616470804754,19.295935759755064,1.6693832683199616,36.51222523322076,1469.1542880379704,0.024548156753613905,0.024548156753613905,0.0,0.0
199,COMPLETE,0.035218233913698736,0.08794401774180655,0.3700014161283956,0.006100558378470142,1.1314316466195928,19.964126979373813,1.7541902490793346,37.812593658798264,1458.3859545328555,0.024548156753613905,0.024548156753613905,0.0,0.0
